country_name,country_code,education_expenditures,region,population,population_growth_rate,birth_rate,death_rate,unemployment_rate,happiness_score,whisker-high,whisker-low,dystopia(1.83)+residual,GDP_per_capita,social_support,healthy_life_expectancy,freedom_to_make_life_choices,generosity,perceptions_of_corruption,median_age
Aruba,AW,5.5,Central America and the Caribbean,"122,320",1.14,11.82,8.62,7.7,,,,,,,,,,,39.9
Afghanistan,AF,2.9,South Asia,"38,346,720",2.3,35.46,12.33,23.9,"2,404","2,469","2,339","1,263","0,758","0,000","0,289","0,000","0,089","0,005",19.5
Angola,AO,2.4,Africa,"34,795,287",3.36,41.8,8.01,6.6,,,,,,,,,,,15.9
Anguilla,AI,4.0,Central America and the Caribbean,"18,741",1.8,12.01,4.64,8.0,,,,,,,,,,,35.7
Åland Islands,AX,,,,,,,,,,,,,,,,,,
Albania,AL,3.1,Europe,"3,095,344",0.22,12.69,7.31,5.83,"5,199","5,321","5,076","1,718","1,439","0,646","0,719","0,511","0,138","0,028",34.3
Andorra,AD,2.9,Europe,"85,560",-0.1,6.88,7.92,3.7,,,,,,,,,,,46.2
United Arab Emirates,AE,3.9,Middle East,"9,915,803",0.58,10.81,1.56,1.6,"6,576","6,660","6,492","1,809","1,998","0,980","0,633","0,702","0,204","0,250",38.4
Argentina,AR,5.0,South America,"46,245,668",0.82,15.58,7.32,9.84,"5,967","6,090","5,844","1,891","1,592","1,102","0,662","0,555","0,081","0,085",32.4
Armenia,AM,2.8,Middle East,"3,000,756",-0.38,11.1,9.51,18.9,"5,399","5,519","5,278","1,654","1,434","0,820","0,668","0,558","0,054","0,210",36.6
American Samoa,AS,,,"45,443",-1.92,16.7,6.1,29.8,,,,,,,,,,,27.2
Antarctica,AQ,,,,,,,,,,,,,,,,,,
French Southern Territories,TF,,,,,,,,,,,,,,,,,,
Antigua and Barbuda,AG,3.8,Central America and the Caribbean,"100,335",1.15,15.16,5.65,11.0,,,,,,,,,,,32.7
Australia,AU,6.1,Australia and Oceania,"26,141,369",1.25,12.3,6.77,5.16,"7,162","7,244","7,081","2,011","1,900","1,203","0,772","0,676","0,258","0,341",37.5
Austria,AT,5.1,Europe,"8,913,088",0.32,9.45,9.85,7.35,"7,163","7,237","7,089","2,148","1,931","1,165","0,774","0,623","0,193","0,329",44.5
Azerbaijan,AZ,4.3,Middle East,"10,353,296",0.67,13.59,6.92,5.0,,,,,,,,,,,32.6
Burundi,BI,5.0,Africa,"12,696,478",3.63,35.17,5.96,,,,,,,,,,,,17.7
Belgium,BE,6.7,Europe,"11,847,338",0.57,10.95,9.64,5.36,"6,805","6,890","6,720","2,283","1,907","1,106","0,764","0,492","0,049","0,204",41.6
Benin,BJ,3.0,Africa,"13,754,688",3.34,41.15,8.01,1.0,"4,623","4,754","4,492","2,458","0,932","0,064","0,335","0,479","0,127","0,230",17.0
"Bonaire, Sint Eustatius and Saba",BQ,,,,,,,,,,,,,,,,,,
Burkina Faso,BF,5.5,Africa,"21,935,389",2.53,33.57,7.71,77.0,"4,670","4,814","4,527","2,313","0,779","0,565","0,320","0,382","0,186","0,126",17.9
Bangladesh,BD,2.1,South Asia,"165,650,475",0.93,17.69,5.47,4.4,"5,155","5,262","5,049","1,967","1,060","0,614","0,581","0,622","0,125","0,187",27.9
Bulgaria,BG,4.0,Europe,"6,873,253",-0.67,8.05,14.41,5.66,"5,371","5,485","5,257","1,235","1,625","1,163","0,640","0,563","0,123","0,021",43.7
Bahrain,BH,2.2,Middle East,"1,540,558",0.88,12.4,2.82,3.6,"6,647","6,779","6,514","2,092","1,854","1,029","0,625","0,693","0,199","0,155",32.9
Bahamas,BS,,,,,,,,,,,,,,,,,,
Bosnia and Herzegovina,BA,,,"3,816,459",-0.22,8.41,10.26,33.28,"5,768","5,877","5,659","1,869","1,468","1,068","0,665","0,448","0,244","0,006",43.3
Saint Barthélemy,BL,,,,,,,,,,,,,,,,,,
Belarus,BY,4.7,Europe,"9,413,505",-0.31,9.08,12.88,0.8,,,,,,,,,,,40.9
Belize,BZ,8.7,Central America and the Caribbean,"412,387",1.64,21.28,3.94,9.0,,,,,,,,,,,23.9
Bermuda,BM,1.9,North America,"72,337",0.34,11.03,9.11,7.0,,,,,,,,,,,43.6
"Bolivia, Plurinational State of",BO,,,,,,,,,,,,,,,,,,
Brazil,BR,6.0,South America,"217,240,060",0.7,13.96,6.81,11.93,"6,293","6,384","6,202","2,361","1,462","1,044","0,615","0,546","0,131","0,134",33.2
Barbados,BB,6.5,Central America and the Caribbean,"302,674",0.26,10.83,7.96,10.1,,,,,,,,,,,39.5
Brunei Darussalam,BN,,,,,,,,,,,,,,,,,,
Bhutan,BT,7.0,South Asia,"867,775",0.97,15.94,6.22,3.2,,,,,,,,,,,29.1
Bouvet Island,BV,,,,,,,,,,,,,,,,,,
Botswana,BW,8.7,Africa,"2,384,246",1.4,20.28,9.05,20.0,,,,,,,,,,,25.7
Central African Republic,CF,2.2,Africa,"5,454,533",1.78,32.79,11.76,6.9,,,,,,,,,,,20.0
Canada,CA,5.2,North America,"38,232,593",0.75,10.17,8.12,5.67,"7,025","7,107","6,943","1,924","1,886","1,188","0,783","0,659","0,217","0,368",41.8
Cocos (Keeling) Islands,CC,,,596,,,8.89,0.1,,,,,,,,,,,
Switzerland,CH,5.2,Europe,"8,508,698",0.65,10.36,8.4,2.31,"7,512","7,586","7,437","2,153","2,026","1,226","0,822","0,677","0,147","0,461",42.7
Chile,CL,5.6,South America,"18,430,408",0.66,12.75,6.52,7.22,"6,172","6,262","6,082","2,040","1,651","1,080","0,748","0,460","0,124","0,069",35.5
China,CN,3.6,East and Southeast Asia,"1,410,539,758",0.19,9.93,7.9,3.64,"5,585","5,650","5,520","1,516","1,508","0,958","0,705","0,656","0,099","0,142",38.4
Côte d'Ivoire,CI,,,,,,,,,,,,,,,,,,
Cameroon,CM,3.2,Africa,"29,321,637",2.75,35.53,7.73,4.3,"5,048","5,188","4,907","2,469","0,968","0,672","0,317","0,397","0,152","0,074",18.5
"Congo, The Democratic Republic of the",CD,,,,,,,,,,,,,,,,,,
Congo,CG,,,,,,,,"5,075","5,235","4,915","2,658","0,950","0,405","0,355","0,431","0,130","0,146",
Cook Islands,CK,4.6,Australia and Oceania,"8,128",-2.39,12.55,9.1,13.1,,,,,,,,,,,38.3
Colombia,CO,4.9,South America,"49,059,221",0.59,15.21,7.73,10.5,"5,781","5,903","5,659","1,971","1,452","0,929","0,720","0,545","0,087","0,077",31.2
Comoros,KM,2.6,Africa,"876,437",1.37,22.52,6.55,6.5,,,,,,,,,,,20.9
Cabo Verde,CV,7.6,Africa,"596,707",1.21,18.49,5.8,9.0,,,,,,,,,,,26.8
Costa Rica,CR,6.7,Central America and the Caribbean,"5,204,411",1.01,14.28,4.91,8.1,"6,582","6,683","6,481","2,346","1,584","1,054","0,744","0,661","0,089","0,102",32.6
Cuba,CU,,,"11,008,112",-0.21,10.11,9.29,2.6,,,,,,,,,,,42.1
Curaçao,CW,,,,,,,,,,,,,,,,,,
Christmas Island,CX,,,"2,205",1.11,,,,,,,,,,,,,,
Cayman Islands,KY,2.1,Central America and the Caribbean,"64,309",1.83,11.69,5.97,4.0,,,,,,,,,,,40.5
Cyprus,CY,6.1,Europe,"1,295,102",1.06,10.57,6.94,7.07,"6,221","6,320","6,122","2,044","1,815","0,909","0,819","0,448","0,123","0,062",37.9
Czechia,CZ,5.1,Europe,"10,705,384",0.02,8.59,10.74,2.8,"6,920","7,029","6,811","2,263","1,815","1,260","0,715","0,660","0,158","0,048",43.3
Germany,DE,4.7,Europe,"84,316,622",-0.11,9.08,11.98,4.98,"7,034","7,122","6,947","2,142","1,924","1,088","0,776","0,585","0,163","0,358",47.8
Djibouti,DJ,3.6,Africa,"957,273",1.97,22.25,7.12,40.0,,,,,,,,,,,24.9
Dominica,DM,5.5,Central America and the Caribbean,"74,629",0.05,13.91,8.11,23.0,,,,,,,,,,,34.9
Denmark,DK,6.4,Europe,"5,920,767",0.44,11.22,9.52,3.05,"7,636","7,710","7,563","2,226","1,953","1,243","0,777","0,719","0,188","0,532",42.0
Dominican Republic,DO,4.6,Central America and the Caribbean,"10,694,700",0.91,18.03,6.29,5.1,"5,737","5,873","5,601","1,751","1,538","1,003","0,577","0,606","0,084","0,179",27.9
Algeria,DZ,7.0,Africa,"44,178,884",1.34,18.52,4.32,11.7,"5,122","5,215","5,030","1,744","1,363","0,970","0,643","0,146","0,106","0,150",28.9
Ecuador,EC,3.7,South America,"17,289,554",1.13,16.45,5.17,5.71,"5,533","5,653","5,414","1,866","1,352","0,879","0,708","0,565","0,080","0,083",28.8
Egypt,EG,2.5,Africa,"107,770,524",1.68,21.46,4.32,7.86,"4,288","4,377","4,198","0,856","1,388","0,732","0,548","0,469","0,041","0,254",24.1
Eritrea,ER,,,"6,209,262",1.03,27.04,6.69,5.8,,,,,,,,,,,20.3
Western Sahara,EH,,,,,,,,,,,,,,,,,,
Spain,ES,4.6,Europe,"47,163,418",0.13,7.13,10.22,14.13,"6,476","6,560","6,392","1,893","1,808","1,211","0,808","0,505","0,101","0,149",43.9
Estonia,EE,6.6,Europe,"1,211,524",-0.71,8.75,13.1,4.94,"6,341","6,415","6,266","1,442","1,793","1,232","0,728","0,689","0,123","0,333",43.7
Ethiopia,ET,4.5,Africa,"113,656,596",2.46,30.49,5.7,17.5,"4,241","4,365","4,118","1,375","0,788","0,809","0,457","0,472","0,205","0,136",19.8
Finland,FI,5.9,Europe,"5,601,547",0.24,10.42,10.35,6.63,"7,821","7,886","7,756","2,518","1,892","1,258","0,775","0,736","0,109","0,534",42.8
Fiji,FJ,5.7,Australia and Oceania,"943,737",0.44,16.56,6.37,4.5,,,,,,,,,,,29.9
Falkland Islands (Malvinas),FK,,,,,,,,,,,,,,,,,,
France,FR,5.5,Europe,"68,305,148",0.32,11.66,9.54,8.12,"6,687","6,758","6,615","1,895","1,863","1,219","0,808","0,567","0,070","0,266",41.7
Faroe Islands,FO,7.6,Europe,"52,269",0.63,14.94,8.63,2.2,,,,,,,,,,,37.2
"Micronesia, Federated States of",FM,9.7,Australia and Oceania,"101,009",-0.67,18.39,4.19,16.2,,,,,,,,,,,26.3
Gabon,GA,3.2,Africa,"2,340,613",2.4,26.03,5.67,28.0,"4,958","5,091","4,826","1,892","1,459","0,738","0,396","0,343","0,032","0,099",21.0
United Kingdom,GB,5.5,Europe,"67,791,400",0.53,10.79,9.07,3.17,"6,943","7,018","6,867","1,967","1,867","1,143","0,750","0,597","0,289","0,329",40.6
Georgia,GE,3.6,Middle East,"4,935,518",0.03,11.0,10.8,11.8,"4,973","5,079","4,867","1,583","1,467","0,612","0,595","0,508","0,000","0,208",38.6
Guernsey,GG,,,"67,491",0.23,9.75,9.17,1.2,,,,,,,,,,,44.3
Ghana,GH,3.9,Africa,"33,107,275",2.23,28.55,6.14,11.9,"4,872","4,999","4,745","1,972","1,112","0,595","0,409","0,500","0,230","0,056",21.4
Gibraltar,GI,,,"29,573",0.19,13.93,8.76,1.0,,,,,,,,,,,35.5
Guinea,GN,2.2,Africa,"13,237,832",2.76,35.67,8.12,2.7,"4,891","5,028","4,753","2,538","0,848","0,566","0,275","0,334","0,214","0,116",19.1
Guadeloupe,GP,,,,,,,,,,,,,,,,,,
Gambia,GM,,,,,,,,,,,,,,,,,,
Guinea-Bissau,GW,2.7,Africa,"2,026,778",2.53,36.45,7.5,,,,,,,,,,,,18.0
Equatorial Guinea,GQ,,,"1,679,172",3.5,29.95,8.95,8.6,,,,,,,,,,,20.3
Greece,GR,4.4,Europe,"10,533,871",-0.34,7.61,12.04,17.3,"5,948","6,043","5,853","2,119","1,703","0,980","0,774","0,249","0,015","0,108",45.3
Grenada,GD,3.6,Central America and the Caribbean,"113,949",0.32,13.94,8.31,24.0,,,,,,,,,,,33.3
Greenland,GL,10.2,North America,"57,792",-0.02,13.79,8.96,9.1,,,,,,,,,,,34.3
Guatemala,GT,3.1,Central America and the Caribbean,"17,703,190",1.58,22.34,4.91,2.3,,,,,,,,,,,23.2
French Guiana,GF,,,,,,,,,,,,,,,,,,
Guam,GU,,,"169,086",0.16,18.56,6.03,4.5,,,,,,,,,,,29.4
Guyana,GY,4.5,South America,"789,683",0.24,16.72,6.91,11.1,,,,,,,,,,,27.5
Hong Kong,HK,4.0,East and Southeast Asia,"7,276,588",0.17,8.04,7.98,2.93,,,,,,,,,,,45.6
Heard Island and McDonald Islands,HM,,,,,,,,,,,,,,,,,,
Honduras,HN,6.4,Central America and the Caribbean,"9,459,440",1.19,17.92,4.68,5.6,"6,022","6,189","5,855","2,611","1,111","0,885","0,555","0,582","0,202","0,076",24.4
Croatia,HR,5.5,Europe,"4,188,853",-0.47,8.65,12.88,8.07,"6,125","6,229","6,022","1,884","1,705","1,183","0,709","0,535","0,109","0,000",43.9
Haiti,HT,1.4,Central America and the Caribbean,"11,334,637",1.2,21.12,7.23,40.6,,,,,,,,,,,24.1
Hungary,HU,4.8,Europe,"9,699,577",-0.3,8.65,12.88,3.45,"6,086","6,187","5,985","1,812","1,748","1,233","0,668","0,485","0,078","0,064",43.6
Indonesia,ID,3.5,East and Southeast Asia,"277,329,163",0.79,15.32,6.75,5.31,"5,240","5,341","5,139","1,300","1,382","0,883","0,539","0,620","0,468","0,047",31.1
Isle of Man,IM,,,"91,382",0.52,10.58,10.18,1.1,,,,,,,,,,,44.6
India,IN,4.5,South Asia,"1,389,637,446",0.67,16.82,10.3,8.5,"3,777","3,828","3,726","0,795","1,167","0,376","0,471","0,647","0,198","0,123",28.7
British Indian Ocean Territory,IO,,,,,,,,,,,,,,,,,,
Ireland,IE,3.1,Europe,"5,275,004",0.94,12.32,6.73,4.98,"7,041","7,121","6,961","1,743","2,129","1,166","0,779","0,627","0,190","0,408",37.8
"Iran, Islamic Republic of",IR,,,,,,,,,,,,,,,,,,
Iraq,IQ,4.7,Middle East,"40,462,701",2.0,24.7,3.9,16.0,"4,941","5,099","4,783","1,894","1,289","0,682","0,554","0,328","0,147","0,046",21.2
Iceland,IS,7.7,Europe,"357,603",0.93,12.96,6.56,3.62,"7,557","7,651","7,464","2,320","1,936","1,320","0,803","0,718","0,270","0,191",37.1
Israel,IL,7.1,Middle East,"8,914,885",1.44,17.41,5.05,4.4,"7,364","7,426","7,301","2,634","1,826","1,221","0,818","0,568","0,155","0,143",30.4
Italy,IT,4.3,Europe,"61,095,551",-0.13,6.95,11.31,9.88,"6,467","6,570","6,363","2,222","1,834","1,052","0,801","0,412","0,085","0,059",46.5
Jamaica,JM,6.0,Central America and the Caribbean,"2,818,596",0.08,15.91,7.43,7.72,"5,850","6,023","5,676","2,164","1,296","1,045","0,646","0,567","0,080","0,053",29.4
Jersey,JE,,,"102,146",0.64,12.41,7.75,4.0,,,,,,,,,,,37.5
Jordan,JO,3.2,Middle East,"10,998,531",0.81,22.58,3.45,19.1,"4,152","4,276","4,029","0,695","1,324","0,724","0,675","0,476","0,058","0,200",23.5
Japan,JP,3.4,East and Southeast Asia,"124,214,766",-0.39,6.95,11.59,2.36,"6,039","6,119","5,959","1,487","1,835","1,089","0,866","0,537","0,007","0,218",48.6
Kazakhstan,KZ,4.5,Central Asia,"19,398,331",0.77,15.38,8.11,4.8,"6,234","6,330","6,138","1,860","1,668","1,220","0,611","0,584","0,134","0,157",31.6
Kenya,KE,4.8,Africa,"55,864,655",2.12,26.39,5.01,40.0,"4,543","4,683","4,403","1,661","1,032","0,605","0,401","0,440","0,322","0,082",20.0
Kyrgyzstan,KG,6.2,Central Asia,"6,071,750",0.86,19.54,6.12,3.18,"5,828","5,916","5,741","2,087","1,069","1,109","0,638","0,693","0,208","0,025",27.3
Cambodia,KH,3.1,East and Southeast Asia,"16,713,015",1.08,19.29,5.76,0.3,"4,640","4,765","4,516","1,410","1,019","0,732","0,505","0,740","0,166","0,068",26.4
Kiribati,KI,12.4,Australia and Oceania,"114,189",1.04,20.12,6.92,30.6,,,,,,,,,,,25.7
Saint Kitts and Nevis,KN,2.5,Central America and the Caribbean,"54,488",0.61,12.24,7.27,4.5,,,,,,,,,,,36.5
"Korea, Republic of",KR,,,,,,,,,,,,,,,,,,
Kuwait,KW,6.6,Middle East,"3,068,155",1.17,17.78,2.25,1.1,,,,,,,,,,,29.7
Lao People's Democratic Republic,LA,,,,,,,,,,,,,,,,,,
Lebanon,LB,1.7,Middle East,"5,296,814",0.66,13.1,5.57,9.7,"2,955","3,049","2,862","0,216","1,392","0,498","0,631","0,103","0,082","0,034",33.7
Liberia,LR,2.7,Africa,"5,358,483",2.73,36.64,6.62,2.8,,,,,,,,,,,18.0
Libya,LY,,,"7,137,931",1.65,21.56,3.45,30.0,,,,,,,,,,,25.8
Saint Lucia,LC,3.6,Central America and the Caribbean,"167,122",0.29,12.02,8.07,20.0,,,,,,,,,,,36.9
Liechtenstein,LI,2.6,Europe,"39,711",0.72,10.32,7.98,2.4,,,,,,,,,,,43.7
Sri Lanka,LK,1.9,South Asia,"23,187,516",0.61,13.8,6.49,4.83,"4,362","4,487","4,237","0,595","1,415","0,934","0,660","0,529","0,150","0,079",33.7
Lesotho,LS,8.7,Africa,"2,193,970",0.76,23.15,11.05,28.1,,,,,,,,,,,24.7
Lithuania,LT,4.0,Europe,"2,683,546",-1.04,9.26,15.12,8.4,"6,446","6,535","6,356","2,153","1,804","1,204","0,659","0,496","0,053","0,077",44.5
Luxembourg,LU,5.0,Europe,"650,364",1.64,11.61,7.21,5.36,,,,,,,,,,,39.5
Latvia,LV,6.0,Europe,"1,842,226",-1.11,8.73,14.65,6.14,"6,180","6,255","6,106","1,923","1,732","1,221","0,637","0,502","0,075","0,090",44.4
Macao,MO,,,,,,,,,,,,,,,,,,
Saint Martin (French part),MF,,,,,,,,,,,,,,,,,,
Morocco,MA,6.8,Africa,"36,738,229",0.91,17.42,6.6,9.23,"5,060","5,181","4,938","2,405","1,208","0,268","0,565","0,492","0,020","0,102",29.1
Monaco,MC,1.2,Europe,"31,400",0.6,6.66,10.7,2.0,,,,,,,,,,,55.4
"Moldova, Republic of",MD,,,,,,,,,,,,,,,,,,
Madagascar,MG,3.1,Africa,"28,172,462",2.27,28.68,6.0,1.8,,,,,,,,,,,20.3
Maldives,MV,5.8,South Asia,"390,164",-0.14,15.54,4.15,2.9,,,,,,,,,,,29.5
Mexico,MX,4.3,North America,"129,150,971",0.51,13.55,7.71,3.49,"6,128","6,238","6,017","2,239","1,552","0,886","0,623","0,621","0,092","0,115",29.3
Marshall Islands,MH,13.6,Australia and Oceania,"79,906",1.34,22.0,4.28,36.0,,,,,,,,,,,23.8
North Macedonia,MK,,,"2,130,936",0.12,10.45,9.61,17.29,"5,199","5,303","5,095","1,461","1,505","0,863","0,637","0,488","0,215","0,031",39.0
Mali,ML,4.4,Africa,"20,741,769",2.95,41.07,8.53,7.9,"4,479","4,611","4,347","2,373","0,792","0,483","0,311","0,350","0,128","0,042",16.0
Malta,MT,5.9,Europe,"464,186",0.67,9.73,8.48,0.78,"6,447","6,535","6,359","1,631","1,838","1,169","0,789","0,679","0,174","0,166",42.3
Myanmar,MM,,,,,,,,"4,394","4,511","4,277","0,877","1,038","0,829","0,491","0,513","0,452","0,194",
Montenegro,ME,,,"604,966",-0.41,11.19,10.33,15.82,"5,547","5,681","5,413","1,619","1,573","1,023","0,659","0,460","0,135","0,077",39.6
Mongolia,MN,4.7,East and Southeast Asia,"3,227,863",0.88,15.84,6.3,8.0,"5,761","5,845","5,676","1,999","1,393","1,197","0,467","0,398","0,247","0,059",29.8
Northern Mariana Islands,MP,,,"51,475",-0.35,15.5,5.44,11.2,,,,,,,,,,,32.8
Mozambique,MZ,6.3,Africa,"31,693,239",2.56,37.47,10.25,24.5,"5,048","5,273","4,823","2,641","0,578","0,660","0,191","0,593","0,185","0,200",17.0
Mauritania,MR,1.9,Africa,"4,161,925",1.99,28.06,7.43,10.2,,,,,,,,,,,21.0
Montserrat,MS,5.4,Central America and the Caribbean,"5,414",0.5,10.9,5.91,5.6,,,,,,,,,,,34.8
Martinique,MQ,,,,,,,,,,,,,,,,,,
Mauritius,MU,4.9,Africa,"1,308,222",0.1,9.86,8.86,6.65,"6,071","6,184","5,958","1,969","1,591","1,116","0,568","0,589","0,131","0,107",36.3
Malawi,MW,2.9,Africa,"20,794,353",2.34,27.94,4.58,20.4,"3,750","3,941","3,560","1,661","0,648","0,279","0,388","0,477","0,140","0,157",16.8
Malaysia,MY,3.9,East and Southeast Asia,"33,871,431",1.03,14.55,5.69,3.3,"5,711","5,845","5,578","1,471","1,689","0,938","0,620","0,654","0,213","0,126",29.2
Mayotte,YT,,,,,,,,,,,,,,,,,,
Namibia,NA,,,,,,,,,,,,,,,,,,
New Caledonia,NC,,,"297,160",1.19,14.13,5.88,14.7,,,,,,,,,,,32.9
Niger,NE,3.8,Africa,"24,484,587",3.66,47.08,9.87,0.3,,,,,,,,,,,14.8
Norfolk Island,NF,,,"1,748",0.01,,,,,,,,,,,,,,
Nigeria,NG,0.5,Africa,"225,082,083",2.53,34.19,8.7,16.5,"4,552","4,651","4,453","1,784","1,079","0,732","0,300","0,444","0,175","0,038",18.6
Nicaragua,NI,4.6,Central America and the Caribbean,"6,301,880",0.92,16.52,5.17,6.4,"6,165","6,312","6,017","2,418","1,105","1,029","0,617","0,617","0,168","0,212",27.3
Niue,NU,,,"2,000",-0.03,,,12.0,,,,,,,,,,,
Netherlands,NL,5.3,Europe,"17,400,824",0.36,10.99,9.24,3.41,"7,415","7,471","7,359","2,137","1,945","1,206","0,787","0,651","0,271","0,419",42.8
Norway,NO,5.9,Europe,"5,553,840",0.8,12.0,7.96,3.72,"7,365","7,440","7,290","1,925","1,997","1,239","0,786","0,728","0,217","0,474",39.5
Nepal,NP,4.2,South Asia,"30,666,598",0.78,17.53,5.58,3.0,"5,377","5,502","5,251","2,224","0,984","0,784","0,499","0,519","0,237","0,130",25.3
Nauru,NR,7.1,Australia and Oceania,"9,811",0.42,21.1,6.32,23.0,,,,,,,,,,,27.0
New Zealand,NZ,6.0,Australia and Oceania,"5,053,004",1.17,12.78,6.89,4.13,"7,200","7,279","7,120","1,954","1,852","1,235","0,752","0,680","0,245","0,483",37.2
Oman,OM,5.4,Middle East,"3,764,348",1.84,22.11,3.23,,,,,,,,,,,,26.2
Pakistan,PK,2.4,South Asia,"242,923,845",1.95,26.48,6.02,6.0,"4,516","4,634","4,397","1,940","1,049","0,413","0,374","0,448","0,181","0,112",22.0
Panama,PA,3.9,Central America and the Caribbean,"4,337,768",1.53,17.99,6.11,6.14,"6,309","6,464","6,154","2,086","1,715","1,107","0,709","0,592","0,049","0,051",30.1
Pitcairn,PN,,,,,,,,,,,,,,,,,,
Peru,PE,4.0,South America,"32,275,736",0.51,17.21,11.32,6.58,"5,559","5,679","5,439","1,890","1,397","0,865","0,735","0,545","0,090","0,037",29.1
Philippines,PH,3.7,East and Southeast Asia,"114,597,229",1.6,22.28,6.41,5.11,"5,904","6,007","5,800","2,283","1,268","0,912","0,514","0,678","0,107","0,142",24.1
Palau,PW,6.8,Australia and Oceania,"21,695",0.39,11.52,8.25,1.7,,,,,,,,,,,33.9
Papua New Guinea,PG,1.4,East and Southeast Asia,"9,593,498",2.35,29.03,5.54,2.5,,,,,,,,,,,24.0
Poland,PL,5.2,Europe,"38,093,101",-0.26,8.5,10.71,5.43,"6,123","6,205","6,040","1,693","1,758","1,174","0,712","0,523","0,124","0,140",41.9
Puerto Rico,PR,3.6,Central America and the Caribbean,"3,098,423",-1.38,7.87,9.76,10.8,,,,,,,,,,,43.6
"Korea, Democratic People's Republic of",KP,,,,,,,,,,,,,,,,,,
Portugal,PT,5.0,Europe,"10,242,081",-0.2,8.0,10.9,6.55,"6,016","6,122","5,911","1,691","1,760","1,078","0,777","0,655","0,016","0,039",44.6
Paraguay,PY,3.3,South America,"7,356,409",1.14,16.32,4.87,5.7,"5,578","5,689","5,467","1,555","1,409","1,130","0,624","0,629","0,171","0,059",29.7
"Palestine, State of",PS,,,,,,,,,,,,,,,,,,
French Polynesia,PF,,,"299,356",0.73,13.47,5.59,21.8,,,,,,,,,,,33.3
Qatar,QA,3.2,Middle East,"2,508,182",1.04,9.33,1.42,8.9,,,,,,,,,,,33.7
Réunion,RE,,,,,,,,,,,,,,,,,,
Romania,RO,3.7,Europe,"18,519,899",-1.09,8.76,15.26,3.06,"6,477","6,575","6,379","2,446","1,719","1,006","0,655","0,605","0,039","0,006",42.5
Russian Federation,RU,,,,,,,,,,,,,,,,,,
Rwanda,RW,3.8,Africa,"13,173,730",1.74,26.44,5.86,2.7,,,,,,,,,,,19.7
Saudi Arabia,SA,7.8,Middle East,"35,354,380",1.63,14.22,3.42,6.0,"6,523","6,637","6,409","2,075","1,870","1,092","0,577","0,651","0,078","0,180",30.8
Sudan,SD,,,"47,958,856",2.55,33.47,6.3,19.6,,,,,,,,,,,18.3
Senegal,SN,5.5,Africa,"17,923,036",2.57,31.51,5.08,48.0,"5,046","5,171","4,921","2,419","0,933","0,530","0,447","0,494","0,143","0,081",19.4
Singapore,SG,2.8,East and Southeast Asia,"5,921,231",0.92,9.05,4.04,2.25,"6,480","6,569","6,392","0,932","2,149","1,127","0,851","0,672","0,163","0,587",35.6
South Georgia and the South Sandwich Islands,GS,,,,,,,,,,,,,,,,,,
"Saint Helena, Ascension and Tristan da Cunha",SH,,,,,,,,,,,,,,,,,,
Svalbard and Jan Mayen,SJ,,,,,,,,,,,,,,,,,,
Solomon Islands,SB,12.8,Australia and Oceania,"702,694",1.72,22.71,3.96,,,,,,,,,,,,23.5
Sierra Leone,SL,9.1,Africa,"8,692,606",2.49,32.2,9.32,15.0,"3,574","3,732","3,416","1,556","0,686","0,416","0,273","0,387","0,202","0,055",19.1
El Salvador,SV,4.1,Central America and the Caribbean,"6,568,745",0.57,17.87,5.91,7.0,"6,120","6,250","5,990","2,514","1,265","0,768","0,607","0,666","0,089","0,212",27.7
San Marino,SM,3.4,Europe,"34,682",0.61,8.85,8.82,8.1,,,,,,,,,,,45.2
Somalia,SO,0.3,Africa,"12,386,248",2.42,37.98,11.62,,,,,,,,,,,,18.5
Saint Pierre and Miquelon,PM,,,"5,257",-1.2,6.47,11.22,8.7,,,,,,,,,,,48.5
Serbia,RS,3.6,Europe,"6,739,471",-0.75,8.92,16.39,14.1,"6,178","6,294","6,062","2,031","1,550","1,086","0,658","0,546","0,219","0,088",43.4
South Sudan,SS,1.5,Africa,"11,544,905",4.91,37.69,9.52,,,,,,,,,,,,18.6
Sao Tome and Principe,ST,5.0,Africa,"217,164",1.48,28.19,6.2,12.2,,,,,,,,,,,19.3
Suriname,SR,5.0,South America,"632,638",1.13,15.38,6.59,8.9,,,,,,,,,,,31.0
Slovakia,SK,4.6,Europe,"5,431,252",-0.1,8.94,10.13,5.0,"6,391","6,475","6,306","2,094","1,736","1,232","0,707","0,479","0,118","0,025",41.8
Slovenia,SI,5.8,Europe,"2,101,208",-0.06,8.3,10.4,7.64,"6,630","6,718","6,542","1,885","1,810","1,249","0,769","0,685","0,118","0,115",44.9
Sweden,SE,7.2,Europe,"10,483,647",0.5,10.83,9.46,6.78,"7,384","7,454","7,315","2,003","1,920","1,204","0,803","0,724","0,218","0,512",41.1
Eswatini,SZ,5.0,Africa,"1,121,761",0.75,23.35,9.71,28.0,,,,,,,,,,,23.7
Sint Maarten (Dutch part),SX,,,,,,,,,,,,,,,,,,
Seychelles,SC,5.2,Africa,"97,017",0.64,12.37,6.88,3.0,,,,,,,,,,,36.8
Syrian Arab Republic,SY,,,,,,,,,,,,,,,,,,
Turks and Caicos Islands,TC,4.5,Central America and the Caribbean,"58,286",1.86,13.54,3.5,10.0,,,,,,,,,,,34.6
Chad,TD,2.9,Africa,"17,963,211",3.09,40.45,9.45,,,,,,,,,,,,16.1
Togo,TG,4.0,Africa,"8,492,333",2.48,31.86,5.27,6.9,"4,112","4,272","3,953","2,061","0,771","0,322","0,360","0,292","0,174","0,132",20.0
Thailand,TH,3.2,East and Southeast Asia,"69,648,117",0.23,10.14,7.76,0.99,"5,891","5,994","5,788","1,600","1,535","1,096","0,697","0,617","0,321","0,026",39.0
Tajikistan,TJ,5.9,Central Asia,"9,119,347",1.4,20.73,5.72,2.4,"5,377","5,468","5,287","1,895","0,966","1,005","0,518","0,572","0,118","0,304",25.3
Tokelau,TK,,,"1,647",-0.01,,,2.0,,,,,,,,,,,
Turkmenistan,TM,3.1,Central Asia,"5,636,011",0.99,17.51,5.95,11.0,,,,,,,,,,,29.2
Timor-Leste,TL,4.2,East and Southeast Asia,"1,445,006",2.15,30.94,5.61,4.4,,,,,,,,,,,19.6
Tonga,TO,6.6,Australia and Oceania,"105,517",-0.26,20.31,4.95,1.1,,,,,,,,,,,24.1
Trinidad and Tobago,TT,4.1,Central America and the Caribbean,"1,405,646",0.14,10.79,8.38,4.9,,,,,,,,,,,37.8
Tunisia,TN,7.3,Africa,"11,896,972",0.69,14.62,6.36,15.5,"4,516","4,629","4,403","1,540","1,350","0,596","0,656","0,316","0,029","0,029",32.7
Turkey,TR,,,,,,,,"4,744","4,845","4,644","1,059","1,707","0,865","0,702","0,209","0,087","0,115",
Tuvalu,TV,,,"11,544",0.83,22.7,7.97,,,,,,,,,,,,26.6
"Taiwan, Province of China",TW,,,,,,,,,,,,,,,,,,
"Tanzania, United Republic of",TZ,,,,,,,,,,,,,,,,,,
Uganda,UG,2.7,Africa,"46,205,893",3.27,40.94,5.02,9.4,"4,603","4,747","4,459","1,842","0,777","0,875","0,418","0,402","0,222","0,066",15.7
Ukraine,UA,5.4,Europe,"43,528,136",-0.5,9.0,13.77,8.89,"5,084","5,190","4,978","1,331","1,411","1,081","0,583","0,473","0,188","0,017",41.2
United States Minor Outlying Islands,UM,,,,,,,,,,,,,,,,,,
Uruguay,UY,4.6,South America,"3,407,213",0.27,12.71,9.18,7.6,"6,474","6,562","6,386","1,974","1,615","1,180","0,672","0,665","0,103","0,265",35.5
United States,US,6.1,North America,"337,341,954",0.69,12.28,8.38,3.89,"6,977","7,065","6,888","2,214","1,982","1,182","0,628","0,574","0,220","0,177",38.5
Uzbekistan,UZ,4.9,Central Asia,"31,104,937",0.83,15.53,5.41,5.0,"6,063","6,178","5,948","1,913","1,219","1,092","0,600","0,716","0,283","0,240",30.1
Holy See (Vatican City State),VA,,,,,,,,,,,,,,,,,,
Saint Vincent and the Grenadines,VC,5.7,Central America and the Caribbean,"100,969",-0.17,12.27,7.49,18.8,,,,,,,,,,,35.3
"Venezuela, Bolivarian Republic of",VE,,,,,,,,,,,,,,,,,,
"Virgin Islands, British",VG,,,,,,,,,,,,,,,,,,
"Virgin Islands, U.S.",VI,,,,,,,,,,,,,,,,,,
Viet Nam,VN,,,,,,,,,,,,,,,,,,
Vanuatu,VU,2.2,Australia and Oceania,"308,043",1.63,21.57,3.98,1.7,,,,,,,,,,,23.0
Wallis and Futuna,WF,,,"15,891",0.25,12.27,5.79,8.8,,,,,,,,,,,34.0
Samoa,WS,4.8,Australia and Oceania,"206,179",0.63,19.21,5.37,5.2,,,,,,,,,,,25.6
Yemen,YE,,,"30,984,689",1.88,24.64,5.62,27.0,,,,,,,,,,,19.8
South Africa,ZA,6.6,Africa,"57,516,665",0.93,18.56,9.26,28.53,"5,194","5,315","5,073","1,742","1,425","1,088","0,361","0,442","0,089","0,046",28.0
Zambia,ZM,3.7,Africa,"19,642,123",2.9,34.86,6.12,15.0,"3,760","3,902","3,618","1,135","0,930","0,577","0,306","0,525","0,203","0,083",16.9
Zimbabwe,ZW,3.9,Africa,"15,121,004",1.95,33.07,8.76,11.3,"2,995","3,110","2,880","0,548","0,947","0,690","0,270","0,329","0,106","0,105",20.5
